,rank,title,link,staff
0,1,모가디슈,https://movie.naver.com/movie/sdb/rank/rmovie.naver/movie/bi/mi/basic.naver?code=192150,류승완 : 감독 / 김윤석 : 주연 / 조인성 : 주연 / 허준호 : 주연 / 구교환 : 주연 / 김소진 : 주연 / 
1,2,더 수어사이드 스쿼드,https://movie.naver.com/movie/sdb/rank/rmovie.naver/movie/bi/mi/basic.naver?code=167569,제임스 건 : 감독 / 마고 로비 : 주연 / 이드리스 엘바 : 주연 / 존 시나 : 주연 / 조엘 킨나만 : 주연 / 실베스터 스탤론 : 주연 / 
2,3,방법: 재차의,https://movie.naver.com/movie/sdb/rank/rmovie.naver/movie/bi/mi/basic.naver?code=200785,김용완 : 감독 / 엄지원 : 주연 / 정지소 : 주연 / 정문성 : 조연 / 김인권 : 조연 / 고규필 : 조연 / 
3,4,정글 크루즈,https://movie.naver.com/movie/sdb/rank/rmovie.naver/movie/bi/mi/basic.naver?code=179406,자움 콜렛 세라 : 감독 / 드웨인 존슨 : 주연 / 에밀리 블런트 : 주연 / 에드가 라미레즈 : 조연 / 제시 플레먼스 : 조연 / 폴 지아마티 : 조연 / 
4,5,블랙 위도우,https://movie.naver.com/movie/sdb/rank/rmovie.naver/movie/bi/mi/basic.naver?code=184318,케이트 쇼트랜드 : 감독 / 스칼릿 조핸슨 : 주연 / 플로렌스 퓨 : 주연 / 레이첼 와이즈 : 주연 / 데이빗 하버 : 주연 / 레이 윈스턴 : 조연 / 
5,6,그린 나이트,https://movie.naver.com/movie/sdb/rank/rmovie.naver/movie/bi/mi/basic.naver?code=204768,데이빗 로워리 : 감독 / 데브 파텔 : 주연 / 알리시아 비칸데르 : 주연 / 조엘 에저튼 : 주연 / 사리타 초우드리 : 주연 / 랄프 이네슨 : 주연 / 
6,7,싱크홀,https://movie.naver.com/movie/sdb/rank/rmovie.naver/movie/bi/mi/basic.naver?code=188472,김지훈 : 감독 / 차승원 : 주연 / 김성균 : 주연 / 이광수 : 주연 / 김혜준 : 주연 / 남다름 : 조연 / 
7,8,더 그레이트 샤크,https://movie.naver.com/movie/sdb/rank/rmovie.naver/movie/bi/mi/basic.naver?code=206169,마틴 윌슨 : 감독 / 카트리나 보우든 : 주연 / 아론 자쿠벤코 : 주연 / 키미에 츠카코시 : 주연 / 팀 카노 : 주연 / 테 코헤 투하카 : 주연 / 
8,9,보스 베이비 2,https://movie.naver.com/movie/sdb/rank/rmovie.naver/movie/bi/mi/basic.naver?code=191597,톰 맥그라스 : 감독 / 알렉 볼드윈 : 주연 / 제임스 마스던 : 주연 / 에이미 세다리스 : 주연 / 에바 롱고리아 : 조연 / 제프 골드브럼 : 조연 / 
9,10,랑종,https://movie.naver.com/movie/sdb/rank/rmovie.naver/movie/bi/mi/basic.naver?code=204496,반종 피산다나쿤 : 감독 / 나릴야 군몽콘켓 : 주연 / 싸와니 우툼마 : 주연 / 씨라니 얀키띠칸 : 주연 / 야사카 차이쏜 : 주연 / 
10,11,인질,https://movie.naver.com/movie/sdb/rank/rmovie.naver/movie/bi/mi/basic.naver?code=185614,필감성 : 감독 / 황정민 : 주연 / 
11,12,프리 가이,https://movie.naver.com/movie/sdb/rank/rmovie.naver/movie/bi/mi/basic.naver?code=190324,숀 레비 : 감독 / 라이언 레이놀즈 : 주연 / 조디 코머 : 조연 / 타이카 와이티티 : 조연 / 조 키어리 : 조연 / 릴렐 호워리 : 조연 / 
12,13,극장판 도라에몽: 진구의 신공룡,https://movie.naver.com/movie/sdb/rank/rmovie.naver/movie/bi/mi/basic.naver?code=196049,이마이 카즈아키 : 감독 / 윤아영 : 주연 / 김정아 : 주연 / 최낙윤 : 주연 / 이현주 : 주연 / 조현정 : 주연 / 
13,14,이스케이프 룸 2: 노 웨이 아웃,https://movie.naver.com/movie/sdb/rank/rmovie.naver/movie/bi/mi/basic.naver?code=191548,애덤 로비텔 : 감독 / 테일러 러셀 : 주연 / 로건 밀러 : 주연 / 인디아 무어 : 조연 / 홀랜드 로던 : 조연 / 토마스 코쿼렐 : 조연 / 
14,15,올드,https://movie.naver.com/movie/sdb/rank/rmovie.naver/movie/bi/mi/basic.naver?code=200065,M. 나이트 샤말란 : 감독 / 가엘 가르시아 베르날 : 주연 / 빅키 크리엡스 : 주연 / 토마신 맥켄지 : 주연 / 알렉스 울프 : 주연 / 루퍼스 스웰 : 조연 / 
15,16,잘리카투,https://movie.naver.com/movie/sdb/rank/rmovie.naver/movie/bi/mi/basic.naver?code=188768,리조 조세 펠리세리 : 감독 / 안토니 바기스 : 주연 / 
16,17,암살자들,https://movie.naver.com/movie/sdb/rank/rmovie.naver/movie/bi/mi/basic.naver?code=191929,라이언 화이트 : 감독 / 
17,18,분노의 질주: 더 얼티메이트,https://movie.naver.com/movie/sdb/rank/rmovie.naver/movie/bi/mi/basic.naver?code=189150,저스틴 린 : 감독 / 빈 디젤 : 주연 / 존 시나 : 주연 / 성 강 : 주연 / 샤를리즈 테론 : 주연 / 미셸 로드리게즈 : 주연 / 
18,19,CCTV,https://movie.naver.com/movie/sdb/rank/rmovie.naver/movie/bi/mi/basic.naver?code=197468,김홍익 : 감독 / 곽도원 : 주연 / 김단미 : 주연 / 박기륭 : 주연 / 원춘규 : 조연 / 김낙균  : 조연 / 
19,20,귀문,https://movie.naver.com/movie/sdb/rank/rmovie.naver/movie/bi/mi/basic.naver?code=206168,심덕근 : 감독 / 김강우 : 주연 / 김소혜 : 주연 / 이정형 : 주연 / 홍진기 : 주연 / 
20,21,피닉스,https://movie.naver.com/movie/sdb/rank/rmovie.naver/movie/bi/mi/basic.naver?code=129687,크리스티안 펫졸드 : 감독 / 니나 호스 : 주연 / 로날드 제르필드 : 주연 / 니나 쿤젠도르프 : 주연 / 트리스탄 퓨터 : 조연 / 발레리 코흐 : 조연 / 
21,22,아이스 로드,https://movie.naver.com/movie/sdb/rank/rmovie.naver/movie/bi/mi/basic.naver?code=205966,조나단 헨슬레이 : 감독 / 리암 니슨 : 주연 / 로렌스 피시번 : 주연 / 홀트 맥칼라니 : 조연 / 엠버 미드썬더 : 조연 / 벤자민 워커 : 조연 / 
22,23,수어사이드 스쿼드,https://movie.naver.com/movie/sdb/rank/rmovie.naver/movie/bi/mi/basic.naver?code=126032,데이비드 에이어 : 감독 / 윌 스미스 : 주연 / 자레드 레토 : 주연 / 마고 로비 : 주연 / 카라 델레바인 : 주연 / 제이 코트니 : 주연 / 
23,24,화양연화,https://movie.naver.com/movie/sdb/rank/rmovie.naver/movie/bi/mi/basic.naver?code=28876,왕가위 : 감독 / 장만옥 : 주연 / 양조위 : 주연 / 뇌진 : 조연 / 반적화 : 조연 / 손가군 : 조연 / 
24,25,크루엘라,https://movie.naver.com/movie/sdb/rank/rmovie.naver/movie/bi/mi/basic.naver?code=187322,크레이그 질레스피 : 감독 / 엠마 스톤 : 주연 / 엠마 톰슨 : 조연 / 마크 스트롱 : 조연 / 폴 월터 하우저 : 조연 / 에밀리 비샴 : 조연 / 
25,26,킬러의 보디가드 2: 킬러의 와이프,https://movie.naver.com/movie/sdb/rank/rmovie.naver/movie/bi/mi/basic.naver?code=204624,패트릭 휴즈 : 감독 / 라이언 레이놀즈 : 주연 / 사무엘 L. 잭슨 : 주연 / 셀마 헤이엑 : 주연 / 모건 프리먼 : 조연 / 안토니오 반데라스 : 조연 / 
26,27,발신제한,https://movie.naver.com/movie/sdb/rank/rmovie.naver/movie/bi/mi/basic.naver?code=194205,김창주 : 감독 / 조우진 : 주연 / 이재인 : 주연 / 진경 : 주연 / 김지호 : 조연 / 
27,28,루카,https://movie.naver.com/movie/sdb/rank/rmovie.naver/movie/bi/mi/basic.naver?code=202903,엔리코 카사로사 : 감독 / 제이콥 트렘블레이 : 주연 / 잭 딜런 그레이저 : 주연 / 엠마 버만 : 주연 / 사베리오 라이몬도 : 조연 / 마야 루돌프 : 조연 / 
28,29,블랙핑크 더 무비,https://movie.naver.com/movie/sdb/rank/rmovie.naver/movie/bi/mi/basic.naver?code=206577,오윤동 : 감독 / 블랙핑크 : 주연 / 
29,30,귀신,https://movie.naver.com/movie/sdb/rank/rmovie.naver/movie/bi/mi/basic.naver?code=194887,정하용 : 감독 / 정이랑 : 주연 / 함건수 : 주연 / 최이태 : 주연 / 
30,31,나만 보이니,https://movie.naver.com/movie/sdb/rank/rmovie.naver/movie/bi/mi/basic.naver?code=205614,임용재 : 감독 / 정진운 : 주연 / 솔빈 : 주연 / 곽희성 : 조연 / 훈 : 조연 / 이순원 : 조연 / 
31,32,신 강시선생,https://movie.naver.com/movie/sdb/rank/rmovie.naver/movie/bi/mi/basic.naver?code=206030,유관위 : 감독 / 전소호 : 주연 / 서소강 : 주연 / 
32,33,"우리, 둘",https://movie.naver.com/movie/sdb/rank/rmovie.naver/movie/bi/mi/basic.naver?code=188466,필리포 메네게티 : 감독 / 바바라 수코바 : 주연 / 마틴 슈발리에 : 주연 / 레아 드루케 : 조연 / 제롬 바랑프랭 : 조연 / 허브 소근 : 조연 / 
33,34,베놈 2: 렛 데어 비 카니지,https://movie.naver.com/movie/sdb/rank/rmovie.naver/movie/bi/mi/basic.naver?code=187323,앤디 서키스 : 감독 / 톰 하디 : 주연 / 미셸 윌리엄스 : 주연 / 나오미 해리스 : 조연 / 레이드 스콧 : 조연 / 스티븐 그레이엄 : 조연 / 
34,35,그린 북,https://movie.naver.com/movie/sdb/rank/rmovie.naver/movie/bi/mi/basic.naver?code=171539,피터 패럴리 : 감독 / 비고 모텐슨 : 주연 / 마허샬라 알리 : 주연 / 린다 카델리니 : 조연 / 세바스찬 매니스캘코 : 조연 / 디미터 D. 마리노프 : 조연 / 
35,36,콰이어트 플레이스 2,https://movie.naver.com/movie/sdb/rank/rmovie.naver/movie/bi/mi/basic.naver?code=189368,존 크래신스키 : 감독 / 에밀리 블런트 : 주연 / 킬리언 머피 : 주연 / 밀리센트 시몬스 : 주연 / 노아 주프 : 주연 / 디몬 하운수 : 조연 / 
36,37,더 스웜,https://movie.naver.com/movie/sdb/rank/rmovie.naver/movie/bi/mi/basic.naver?code=197750,저스트 필리포트 : 감독 / 설리안 브라힘 : 주연 / 소피앙 캄 : 주연 / 
37,38,우리는 매일매일,https://movie.naver.com/movie/sdb/rank/rmovie.naver/movie/bi/mi/basic.naver?code=188195,강유가람 : 감독 / 허은주 : 주연 / 김이승현 : 주연 / 유여원 : 주연 / 김혜정 : 주연 / 강정임 : 주연 / 
38,39,먼 훗날 우리,https://movie.naver.com/movie/sdb/rank/rmovie.naver/movie/bi/mi/basic.naver?code=175092,유약영 : 감독 / 정백연 : 주연 / 주동우 : 주연 / 톈좡좡 : 주연 / 쑤샤오밍 : 조연 / 시여비 : 조연 / 
39,40,내겐 너무 소중한 너,https://movie.naver.com/movie/sdb/rank/rmovie.naver/movie/bi/mi/basic.naver?code=201898,이창원 : 감독 / 진구 : 주연 / 정서연 : 주연 / 강신일 : 조연 / 장혜진 : 조연 / 박예니 : 조연 / 
40,41,가버나움,https://movie.naver.com/movie/sdb/rank/rmovie.naver/movie/bi/mi/basic.naver?code=174830,나딘 라바키 : 감독 / 자인 알 라피아 : 주연 / 요르다노스 시프로우 : 주연 / 보루와티프 트레저 반콜 : 조연 / 나딘 라바키 : 조연 / 하이타 아이잠 : 조연 / 
41,42,생각의 여름,https://movie.naver.com/movie/sdb/rank/rmovie.naver/movie/bi/mi/basic.naver?code=194082,김종재 : 감독 / 김예은 : 주연 / 곽민규 : 주연 / 오규철 : 주연 / 한해인 : 주연 / 신기환 : 주연 / 
42,43,극장판 귀멸의 칼날: 무한열차편,https://movie.naver.com/movie/sdb/rank/rmovie.naver/movie/bi/mi/basic.naver?code=196051,소토자키 하루오 : 감독 / 하나에 나츠키 : 주연 / 키토 아카리 : 주연 / 시모노 히로 : 조연 / 마츠오카 요시츠구 : 조연 / 히노 사토시 : 조연 / 
43,44,백만달러와 시체,https://movie.naver.com/movie/sdb/rank/rmovie.naver/movie/bi/mi/basic.naver?code=204245,마이클 P. 블레빈스 : 감독 / 포드 오스틴 : 주연 / 톰 피츠패트릭 : 주연 / 리차드 리엘 : 주연 / 레이첼 알리그 : 주연 / 
44,45,슈퍼,https://movie.naver.com/movie/sdb/rank/rmovie.naver/movie/bi/mi/basic.naver?code=72055,제임스 건 : 감독 / 레인 윌슨 : 주연 / 엘렌 페이지 : 주연 / 리브 타일러 : 주연 / 케빈 베이컨 : 주연 / 마이클 루커 : 주연 / 
45,46,대립군,https://movie.naver.com/movie/sdb/rank/rmovie.naver/movie/bi/mi/basic.naver?code=149221,정윤철 : 감독 / 이정재 : 주연 / 여진구 : 주연 / 김무열 : 주연 / 김명곤 : 조연 / 박원상 : 조연 / 
46,47,트로미오와 줄리엣,https://movie.naver.com/movie/sdb/rank/rmovie.naver/movie/bi/mi/basic.naver?code=29398,로이드 카우프만 : 감독 / 제인 젠슨 : 주연 / 윌 키넌 : 주연 / 발렌타인 미엘 : 조연 / 스티븐 블랙하트 : 조연 / 맥시밀리언 샤운 : 조연 / 
47,48,레미니센스,https://movie.naver.com/movie/sdb/rank/rmovie.naver/movie/bi/mi/basic.naver?code=193966,리사 조이 : 감독 / 휴 잭맨 : 주연 / 레베카 퍼거슨 : 주연 / 탠디 뉴튼 : 주연 / 안젤라 사라피언 : 조연 / 나탈리 마르티네즈 : 조연 / 
48,49,슬리더,https://movie.naver.com/movie/sdb/rank/rmovie.naver/movie/bi/mi/basic.naver?code=58207,제임스 건 : 감독 / 나단 필리온 : 주연 / 엘리자베스 뱅크스 : 주연 / 마이클 루커 : 조연 / 그렉 헨리 : 조연 / 타니아 솔니어 : 조연 / 
49,50,코다,https://movie.naver.com/movie/sdb/rank/rmovie.naver/movie/bi/mi/basic.naver?code=201073,션 헤이더 : 감독 / 에밀리아 존스 : 주연 / 퍼디아 월시-필로 : 주연 / 말리 매트린 : 주연 / 트로이 코처 : 주연 / 다니엘 듀런트 : 주연 / 
